{"cameraMode":{"drawMode":0,"name":"Shaded","section":"Shading Mode"},"sceneLighting":true,"audioPlay":false,"sceneViewState":{"m_AlwaysRefresh":false,"showFog":true,"showSkybox":true,"showFlares":true,"showImageEffects":true,"showParticleSystems":true,"showVisualEffectGraphs":true,"m_FxEnabled":true},"in2DMode":false,"pivot":{"x":1.8613171577453614,"y":3.1122031211853029,"z":-7.600887298583984},"rotation":{"x":-0.02906365878880024,"y":0.9665396809577942,"z":-0.12715792655944825,"w":-0.22091105580329896},"size":1.2635002136230469,"orthographic":false}